<configuration scan="true" scanPeriod="60" debug="false">
    <property name="log_dir" value="D:\logs\s3"/>
    <appender name="stdout" class="ch.qos.logback.core.ConsoleAppender">
        <encoder class="ch.qos.logback.classic.encoder.PatternLayoutEncoder">
            <pattern>%d{yyyy-MM-dd HHLmm:ss:SSS} {%thread} %-5level %logger{35} -%msg %n</pattern>
        </encoder>
    </appender>

    <logger name="org.apache.http" level="INFO"/>
    <root level="INFO">
        <appender-ref ref="stdout"/>
    </root>
</configuration>